Strategy,F1_Score,Exact_Match
simple,57.144222437112354,51.0
persona,51.82467658066996,46.0
instruction,55.139431825425206,49.0
structured,47.78493299092636,41.0
